29Ayahuasca,Vancouver Sleep Clinic,508,3000,https://www.youtube.com/watch?v=db97HUw3ToA&list=LLsDMCMqW-TYazmSoC7VFKcA&index=7

Mystery of Love,Sufjan Stevens,250,38000,https://www.youtube.com/watch?v=4WTt69YO2VI&list=LLsDMCMqW-TYazmSoC7VFKcA&index=6&t=0s

Your mess is mine,Vance Joy,234,120000,https://www.youtube.com/watch?v=1C816p-KTNk

All I've ever known,Bahamas,370,13000,https://www.youtube.com/watch?v=gPjqWwkAymg

Riptide,cucdad,1212,323,www.youtube.com///

123,123,123,123,123

1232,123,123,123,123

12325,123,123,123,123

45678,87,9,87,88

4353,534,32,123,5352

43535,534,32,123,5352

Ayahuasca,Vancouver Sleep Clinic,508,3000,https://www.youtube.com/watch?v=db97HUw3ToA&list=LLsDMCMqW-TYazmSoC7VFKcA&index=7

Ayahuasca,Vancouver Sleep Clinic,508,3000,https://www.youtube.com/watch?v=db97HUw3ToA&list=LLsDMCMqW-TYazmSoC7VFKcA&index=7

Ayahuasca,Vancouver Sleep Clinic,508,3000,https://www.youtube.com/watch?v=db97HUw3ToA&list=LLsDMCMqW-TYazmSoC7VFKcA&index=7

Ayahuasca,Vancouver Sleep Clinic,508,3000,https://www.youtube.com/watch?v=db97HUw3ToA&list=LLsDMCMqW-TYazmSoC7VFKcA&index=7

Ayahuasca,Vancouver Sleep Clinic,508,3000,https://www.youtube.com/watch?v=db97HUw3ToA&list=LLsDMCMqW-TYazmSoC7VFKcA&index=7

Ayahuasca,Vancouver Sleep Clinic,508,3000,https://www.youtube.com/watch?v=db97HUw3ToA&list=LLsDMCMqW-TYazmSoC7VFKcA&index=7

Ayahuasca,Vancouver Sleep Clinic,508,3000,https://www.youtube.com/watch?v=db97HUw3ToA&list=LLsDMCMqW-TYazmSoC7VFKcA&index=7

Ayahuasca,Vancouver Sleep Clinic,508,3000,https://www.youtube.com/watch?v=db97HUw3ToA&list=LLsDMCMqW-TYazmSoC7VFKcA&index=7

Mystery of Love,Sufjan Stevens,250,38000,https://www.youtube.com/watch?v=4WTt69YO2VI&list=LLsDMCMqW-TYazmSoC7VFKcA&index=6&t=0s

Your mess is mine,Vance Joy,234,120000,https://www.youtube.com/watch?v=1C816p-KTNk

All I've ever known,Bahamas,370,13000,https://www.youtube.com/watch?v=gPjqWwkAymg

Riptide,cucdad,1212,323,www.youtube.com///

123,123,123,123,123

1232,123,123,123,123

12325,123,123,123,123

45678,87,9,87,88

4353,534,32,123,5352

43535,534,32,123,5352

